<?xml version="1.0" encoding="UTF-8"?>
<metadata xml:lang="en"><Esri><CreaDate>20170111</CreaDate><CreaTime>15581900</CreaTime><SyncOnce>FALSE</SyncOnce><DataProperties><lineage><Process Name="Create Feature Class" ToolSource="C:\Program Files\ArcGIS\ArcToolbox\Toolboxes\Data Management Tools.tbx\CreateFeatureclass" Date="20100518" Time="152206">CreateFeatureclass C:\GIS\Data\BaseLayers2010.mdb NOPD_Subzones_JA # Report_Dists_Layer SAME_AS_TEMPLATE SAME_AS_TEMPLATE "PROJCS['NAD_1983_StatePlane_Louisiana_South_FIPS_1702_Feet',GEOGCS['GCS_North_American_1983',DATUM['D_North_American_1983',SPHEROID['GRS_1980',6378137.0,298.257222101]],PRIMEM['Greenwich',0.0],UNIT['Degree',0.0174532925199433]],PROJECTION['Lambert_Conformal_Conic'],PARAMETER['False_Easting',3280833.333333333],PARAMETER['False_Northing',0.0],PARAMETER['Central_Meridian',-91.33333333333333],PARAMETER['Standard_Parallel_1',29.3],PARAMETER['Standard_Parallel_2',30.7],PARAMETER['Latitude_Of_Origin',28.5],UNIT['Foot_US',0.3048006096012192]];3464809.390856 281304.887506 3906.24999636202;0 100000;0 100000" # 0 0 0 C:\GIS\Data\BaseLayers2010.mdb\NOPD_Subzones_JA</Process><Process Name="Append" ToolSource="C:\Program Files\ArcGIS\ArcToolbox\Toolboxes\Data Management Tools.tbx\Append" Date="20100518" Time="152206">Append Report_Dists_Layer C:\GIS\Data\BaseLayers2010.mdb\NOPD_Subzones_JA TEST C:\GIS\Data\BaseLayers2010.mdb\NOPD_Subzones_JA</Process><Process Name="FeatureClassToFeatureClass_9" ToolSource="C:\Program Files\ArcGIS\ArcToolbox\Toolboxes\Conversion Tools.tbx\FeatureClassToFeatureClass" Date="20100518" Time="152207">FeatureClassToFeatureClass C:\Temp\nopd_boundaries\Report_Dists.shp C:\GIS\Data\BaseLayers2010.mdb NOPD_Subzones_JA # "OBJECTID_1 OBJECTID_1 VISIBLE;OBJECTID OBJECTID VISIBLE;ZoneAbb ZoneAbb VISIBLE;Subzone Subzone VISIBLE;Shape_Leng Shape_Leng VISIBLE;District District VISIBLE;AGENCY AGENCY VISIBLE;ACTION_ ACTION_ VISIBLE;MESSAGE MESSAGE VISIBLE;RESPONSE RESPONSE VISIBLE;EDITOR EDITOR VISIBLE;NAME NAME VISIBLE;Shape_Le_1 Shape_Le_1 VISIBLE;Shape_Area Shape_Area VISIBLE" SAME_AS_TEMPLATE SAME_AS_TEMPLATE # 0 C:\GIS\Data\BaseLayers2010.mdb\NOPD_Subzones_JA</Process><Process ToolSource="C:\Program Files\ArcGIS\Desktop10.0\ArcToolbox\Toolboxes\Data Management Tools.tbx\CopyFeatures" Date="20110526" Time="160527">CopyFeatures C:\GIS\Data\BaseLayers2010.mdb\NOPD_Subzones_MM C:\GIS\Data\ArcMap10\NewArc10.gdb\BaseLayers\NOPD_Subzones_MM # 0 0 0</Process><Process ToolSource="C:\Program Files\ArcGIS\Desktop10.0\ArcToolbox\Toolboxes\Data Management Tools.tbx\CalculateField" Date="20110908" Time="135706">CalculateField NOPD_Subzones_2011 Sector 101 VB #</Process><Process ToolSource="C:\Program Files\ArcGIS\Desktop10.0\ArcToolbox\Toolboxes\Data Management Tools.tbx\CalculateField" Date="20110908" Time="135814">CalculateField NOPD_Subzones_2011 Sector "101" VB #</Process><Process ToolSource="C:\Program Files\ArcGIS\Desktop10.0\ArcToolbox\Toolboxes\Data Management Tools.tbx\CalculateField" Date="20110908" Time="140013">CalculateField NOPD_Subzones_2011 District "5" VB #</Process><Process ToolSource="C:\Program Files\ArcGIS\Desktop10.0\ArcToolbox\Toolboxes\Data Management Tools.tbx\CalculateField" Date="20110908" Time="140140">CalculateField NOPD_Subzones_2011 Sector "502" VB #</Process><Process ToolSource="C:\Program Files\ArcGIS\Desktop10.0\ArcToolbox\Toolboxes\Data Management Tools.tbx\CalculateField" Date="20110908" Time="140358">CalculateField NOPD_Subzones_2011 District "6" VB #</Process><Process ToolSource="C:\Program Files\ArcGIS\Desktop10.0\ArcToolbox\Toolboxes\Data Management Tools.tbx\CalculateField" Date="20110908" Time="140849">CalculateField NOPD_Subzones_2011 District "3" VB #</Process><Process ToolSource="C:\Program Files\ArcGIS\Desktop10.0\ArcToolbox\Toolboxes\Data Management Tools.tbx\CalculateField" Date="20110908" Time="141005">CalculateField NOPD_Subzones_2011 District "3" VB #</Process><Process ToolSource="C:\Program Files\ArcGIS\Desktop10.0\ArcToolbox\Toolboxes\Data Management Tools.tbx\CalculateField" Date="20110908" Time="141211">CalculateField NOPD_Subzones_2011 District "8" VB #</Process><Process ToolSource="C:\Program Files\ArcGIS\Desktop10.0\ArcToolbox\Toolboxes\Data Management Tools.tbx\CalculateField" Date="20110908" Time="141616">CalculateField NOPD_Subzones_2011 Sector "801" VB #</Process><Process ToolSource="C:\Program Files\ArcGIS\Desktop10.0\ArcToolbox\Toolboxes\Data Management Tools.tbx\CalculateField" Date="20110908" Time="141701">CalculateField NOPD_Subzones_2011 Sector "802" VB #</Process><Process ToolSource="C:\Program Files\ArcGIS\Desktop10.0\ArcToolbox\Toolboxes\Data Management Tools.tbx\CalculateField" Date="20110908" Time="141912">CalculateField NOPD_Subzones_2011 Sector "401" VB #</Process><Process ToolSource="C:\Program Files\ArcGIS\Desktop10.0\ArcToolbox\Toolboxes\Data Management Tools.tbx\CalculateField" Date="20110908" Time="142321">CalculateField NOPD_Subzones_2011 Sector "402" VB #</Process><Process ToolSource="C:\Program Files\ArcGIS\Desktop10.0\ArcToolbox\Toolboxes\Data Management Tools.tbx\CalculateField" Date="20110908" Time="142650">CalculateField NOPD_Subzones_2011 Sector "301" VB #</Process><Process ToolSource="C:\Program Files\ArcGIS\Desktop10.0\ArcToolbox\Toolboxes\Data Management Tools.tbx\CalculateField" Date="20110908" Time="142956">CalculateField NOPD_Subzones_2011 Sector "302" VB #</Process><Process ToolSource="C:\Program Files\ArcGIS\Desktop10.0\ArcToolbox\Toolboxes\Data Management Tools.tbx\CalculateField" Date="20110908" Time="143106">CalculateField NOPD_Subzones_2011 Sector 301 VB #</Process><Process ToolSource="C:\Program Files\ArcGIS\Desktop10.0\ArcToolbox\Toolboxes\Data Management Tools.tbx\CalculateField" Date="20110908" Time="143248">CalculateField NOPD_Subzones_2011 Sector 102 VB #</Process><Process ToolSource="C:\Program Files\ArcGIS\Desktop10.0\ArcToolbox\Toolboxes\Data Management Tools.tbx\CalculateField" Date="20110908" Time="143346">CalculateField NOPD_Subzones_2011 Sector 102 VB #</Process><Process ToolSource="C:\Program Files\ArcGIS\Desktop10.0\ArcToolbox\Toolboxes\Data Management Tools.tbx\CalculateField" Date="20110908" Time="143621">CalculateField NOPD_Subzones_2011 Sector 602 VB #</Process><Process ToolSource="C:\Program Files\ArcGIS\Desktop10.0\ArcToolbox\Toolboxes\Data Management Tools.tbx\CalculateField" Date="20110908" Time="143727">CalculateField NOPD_Subzones_2011 Sector 602 VB #</Process><Process ToolSource="C:\Program Files\ArcGIS\Desktop10.0\ArcToolbox\Toolboxes\Data Management Tools.tbx\CalculateField" Date="20110908" Time="143847">CalculateField NOPD_Subzones_2011 Sector 601 VB #</Process><Process ToolSource="C:\Program Files\ArcGIS\Desktop10.0\ArcToolbox\Toolboxes\Data Management Tools.tbx\CalculateField" Date="20110908" Time="143917">CalculateField NOPD_Subzones_2011 Sector 601 VB #</Process><Process ToolSource="C:\Program Files\ArcGIS\Desktop10.0\ArcToolbox\Toolboxes\Data Management Tools.tbx\CalculateField" Date="20110908" Time="144052">CalculateField NOPD_Subzones_2011 Sector 202 VB #</Process><Process ToolSource="C:\Program Files\ArcGIS\Desktop10.0\ArcToolbox\Toolboxes\Data Management Tools.tbx\CalculateField" Date="20110908" Time="144126">CalculateField NOPD_Subzones_2011 Sector 202 VB #</Process><Process ToolSource="C:\Program Files\ArcGIS\Desktop10.0\ArcToolbox\Toolboxes\Data Management Tools.tbx\CalculateField" Date="20110908" Time="144222">CalculateField NOPD_Subzones_2011 Sector 201 VB #</Process><Process ToolSource="C:\Program Files\ArcGIS\Desktop10.0\ArcToolbox\Toolboxes\Data Management Tools.tbx\CalculateField" Date="20110908" Time="144256">CalculateField NOPD_Subzones_2011 Sector 201 VB #</Process><Process ToolSource="C:\Program Files\ArcGIS\Desktop10.0\ArcToolbox\Toolboxes\Data Management Tools.tbx\CalculateField" Date="20110908" Time="144533">CalculateField NOPD_Subzones_2011 Sector 702 VB #</Process><Process ToolSource="C:\Program Files\ArcGIS\Desktop10.0\ArcToolbox\Toolboxes\Data Management Tools.tbx\CalculateField" Date="20110908" Time="144701">CalculateField NOPD_Subzones_2011 Sector 701 VB #</Process><Process ToolSource="C:\Program Files\ArcGIS\Desktop10.0\ArcToolbox\Toolboxes\Data Management Tools.tbx\CalculateField" Date="20110908" Time="144813">CalculateField NOPD_Subzones_2011 Sector 101 VB #</Process><Process ToolSource="C:\Program Files\ArcGIS\Desktop10.0\ArcToolbox\Toolboxes\Data Management Tools.tbx\CalculateField" Date="20110908" Time="144909">CalculateField NOPD_Subzones_2011 Sector 801 VB #</Process><Process ToolSource="C:\Program Files\ArcGIS\Desktop10.0\ArcToolbox\Toolboxes\Data Management Tools.tbx\CalculateField" Date="20110908" Time="145053">CalculateField NOPD_Subzones_2011 Sector 502 VB #</Process><Process ToolSource="C:\Program Files\ArcGIS\Desktop10.0\ArcToolbox\Toolboxes\Data Management Tools.tbx\CalculateField" Date="20110908" Time="145149">CalculateField NOPD_Subzones_2011 Sector 501 VB #</Process><Process ToolSource="C:\Program Files\ArcGIS\Desktop10.0\ArcToolbox\Toolboxes\Data Management Tools.tbx\CalculateField" Date="20110909" Time="102556">CalculateField NOPD_Subzones_2011 ZoneAbb "3W" VB #</Process><Process ToolSource="C:\Program Files\ArcGIS\Desktop10.0\ArcToolbox\Toolboxes\Data Management Tools.tbx\CalculateField" Date="20110909" Time="103529">CalculateField NOPD_Subzones_2011 ZoneAbb "3Y" VB #</Process><Process ToolSource="C:\Program Files\ArcGIS\Desktop10.0\ArcToolbox\Toolboxes\Data Management Tools.tbx\CalculateField" Date="20110909" Time="104323">CalculateField NOPD_Subzones_2011 ZoneAbb "5A" VB #</Process><Process ToolSource="C:\Program Files\ArcGIS\Desktop10.0\ArcToolbox\Toolboxes\Data Management Tools.tbx\CalculateField" Date="20110909" Time="104655">CalculateField NOPD_Subzones_2011 ZoneAbb "6O" VB #</Process><Process ToolSource="C:\Program Files\ArcGIS\Desktop10.0\ArcToolbox\Toolboxes\Data Management Tools.tbx\CalculateField" Date="20110909" Time="104928">CalculateField NOPD_Subzones_2011 ZoneAbb "6Q" VB #</Process><Process ToolSource="C:\Program Files\ArcGIS\Desktop10.0\ArcToolbox\Toolboxes\Data Management Tools.tbx\CalculateField" Date="20110909" Time="105056">CalculateField NOPD_Subzones_2011 ZoneAbb "6Q" VB #</Process><Process ToolSource="C:\Program Files\ArcGIS\Desktop10.0\ArcToolbox\Toolboxes\Data Management Tools.tbx\CalculateField" Date="20110909" Time="110233">CalculateField NOPD_Subzones_2011 ZoneAbb "8G" VB #</Process><Process ToolSource="C:\Program Files\ArcGIS\Desktop10.0\ArcToolbox\Toolboxes\Data Management Tools.tbx\CalculateField" Date="20110928" Time="140357">CalculateField NOPD_Subzones_2011_edit Sector2 [Sector] VB #</Process><Process ToolSource="C:\Program Files\ArcGIS\Desktop10.0\ArcToolbox\Toolboxes\Data Management Tools.tbx\CalculateField" Date="20110928" Time="143148">CalculateField NOPD_Subzones_2011_edit Sector Right( [Sector2], 1  ) VB #</Process><Process ToolSource="C:\Program Files\ArcGIS\Desktop10.0\ArcToolbox\Toolboxes\Data Management Tools.tbx\CalculateField" Date="20110928" Time="143619">CalculateField NOPD_Subzones_2011_edit Sector2 "[District] &amp; [Sector]" VB #</Process><Process ToolSource="C:\Program Files\ArcGIS\Desktop10.0\ArcToolbox\Toolboxes\Data Management Tools.tbx\CopyFeatures" Date="20120119" Time="092432">CopyFeatures T:\COMSTAT\NewNOPDshapefiles\NOPD_Subzones_Sept2011.shp T:\COMSTAT\MapLayers2012.gdb\NOPD_Subzones_Sept2011 # 0 0 0</Process><Process ToolSource="C:\Program Files\ArcGIS\Desktop10.0\ArcToolbox\Toolboxes\Data Management Tools.tbx\CopyFeatures" Date="20120227" Time="143334">CopyFeatures T:\COMSTAT\MapLayers2012.gdb\NOPD_Subzones_2012 C:\GIS\Data\ArcMap10\NewArc10.gdb\NOPD_2012\NOPD_Subzones_2012 # 0 0 0</Process><Process ToolSource="C:\Program Files\ArcGIS\Desktop10.0\ArcToolbox\Toolboxes\Data Management Tools.tbx\CopyFeatures" Date="20120619" Time="090554">CopyFeatures E:\MMComputerBKUP_June2012\NewDellBKUP_20120605\ArcMap10\NewArc10.gdb\NOPD_2012\NOPD_Subzones_2012 C:\GIS\Data\BaseLayers.gdb\NOPD_Subzones_2012 # 0 0 0</Process><Process ToolSource="C:\Program Files (x86)\ArcGIS\Desktop10.0\ArcToolbox\Toolboxes\Data Management Tools.tbx\CalculateField" Date="20141217" Time="161632">CalculateField NOPD_Subzones_2015 District "7" VB #</Process><Process ToolSource="C:\Program Files (x86)\ArcGIS\Desktop10.0\ArcToolbox\Toolboxes\Data Management Tools.tbx\CalculateField" Date="20141217" Time="161652">CalculateField NOPD_Subzones_2015 Zone "7W" VB #</Process><Process ToolSource="C:\Program Files (x86)\ArcGIS\Desktop10.0\ArcToolbox\Toolboxes\Data Management Tools.tbx\CalculateField" Date="20141217" Time="161717">CalculateField NOPD_Subzones_2015 Zone "7A" VB #</Process><Process ToolSource="C:\Program Files (x86)\ArcGIS\Desktop10.0\ArcToolbox\Toolboxes\Data Management Tools.tbx\CalculateField" Date="20141217" Time="161905">CalculateField NOPD_Subzones_2015 NAME Left( "7A",2 ) VB #</Process><Process ToolSource="C:\Program Files (x86)\ArcGIS\Desktop10.0\ArcToolbox\Toolboxes\Data Management Tools.tbx\CalculateField" Date="20141217" Time="162452">CalculateField NOPD_Subzones_2015 Name2 Replace( [Name2], "W", "A" ) VB #</Process><Process ToolSource="C:\Program Files (x86)\ArcGIS\Desktop10.0\ArcToolbox\Toolboxes\Data Management Tools.tbx\CalculateField" Date="20141219" Time="140341">CalculateField NOPD_Subzones_2015 Sector 1 VB #</Process><Process ToolSource="C:\Program Files (x86)\ArcGIS\Desktop10.0\ArcToolbox\Toolboxes\Data Management Tools.tbx\CalculateField" Date="20141219" Time="140357">CalculateField NOPD_Subzones_2015 Sector2 71 VB #</Process><Process ToolSource="C:\Program Files\ArcGIS\ArcToolbox\Toolboxes\Conversion Tools.tbx\FeatureClassToFeatureClass" Date="20141222" Time="094308">FeatureClassToFeatureClass C:\OPCD_GIS\Basic_Data\NOPD_NEWREPORTDISTS\REPORT_DISTS_2015\REPORT_DISTS.shp C:\OPCD_GIS\Geodatabase\OPCD_File_Geodatabase.gdb\Polygons REPORT_DISTS_2015 # "OBJECTID 'OBJECTID' true true false 9 Long 0 9 ,First,#,C:\OPCD_GIS\Basic_Data\NOPD_NEWREPORTDISTS\REPORT_DISTS_2015\REPORT_DISTS.shp,OBJECTID,-1,-1;OBJECTID_1 'OBJECTID_1' true true false 9 Long 0 9 ,First,#,C:\OPCD_GIS\Basic_Data\NOPD_NEWREPORTDISTS\REPORT_DISTS_2015\REPORT_DISTS.shp,OBJECTID_1,-1,-1;Subzone 'Subzone' true true false 8 Text 0 0 ,First,#,C:\OPCD_GIS\Basic_Data\NOPD_NEWREPORTDISTS\REPORT_DISTS_2015\REPORT_DISTS.shp,Subzone,-1,-1;District 'District' true true false 10 Text 0 0 ,First,#,C:\OPCD_GIS\Basic_Data\NOPD_NEWREPORTDISTS\REPORT_DISTS_2015\REPORT_DISTS.shp,District,-1,-1;AGENCY 'AGENCY' true true false 2 Text 0 0 ,First,#,C:\OPCD_GIS\Basic_Data\NOPD_NEWREPORTDISTS\REPORT_DISTS_2015\REPORT_DISTS.shp,AGENCY,-1,-1;ACTION_ 'ACTION_' true true false 1 Text 0 0 ,First,#,C:\OPCD_GIS\Basic_Data\NOPD_NEWREPORTDISTS\REPORT_DISTS_2015\REPORT_DISTS.shp,ACTION_,-1,-1;MESSAGE 'MESSAGE' true true false 19 Double 0 0 ,First,#,C:\OPCD_GIS\Basic_Data\NOPD_NEWREPORTDISTS\REPORT_DISTS_2015\REPORT_DISTS.shp,MESSAGE,-1,-1;RESPONSE 'RESPONSE' true true false 6 Text 0 0 ,First,#,C:\OPCD_GIS\Basic_Data\NOPD_NEWREPORTDISTS\REPORT_DISTS_2015\REPORT_DISTS.shp,RESPONSE,-1,-1;EDITOR 'EDITOR' true true false 20 Text 0 0 ,First,#,C:\OPCD_GIS\Basic_Data\NOPD_NEWREPORTDISTS\REPORT_DISTS_2015\REPORT_DISTS.shp,EDITOR,-1,-1;NAME 'NAME' true true false 4 Text 0 0 ,First,#,C:\OPCD_GIS\Basic_Data\NOPD_NEWREPORTDISTS\REPORT_DISTS_2015\REPORT_DISTS.shp,NAME,-1,-1;Name2 'Name2' true true false 3 Text 0 0 ,First,#,C:\OPCD_GIS\Basic_Data\NOPD_NEWREPORTDISTS\REPORT_DISTS_2015\REPORT_DISTS.shp,Name2,-1,-1;Sector 'Sector' true true false 6 Text 0 0 ,First,#,C:\OPCD_GIS\Basic_Data\NOPD_NEWREPORTDISTS\REPORT_DISTS_2015\REPORT_DISTS.shp,Sector,-1,-1;Sector2 'Sector2' true true false 6 Text 0 0 ,First,#,C:\OPCD_GIS\Basic_Data\NOPD_NEWREPORTDISTS\REPORT_DISTS_2015\REPORT_DISTS.shp,Sector2,-1,-1;Zone 'Zone' true true false 2 Text 0 0 ,First,#,C:\OPCD_GIS\Basic_Data\NOPD_NEWREPORTDISTS\REPORT_DISTS_2015\REPORT_DISTS.shp,Zone,-1,-1;Shape_Leng 'Shape_Leng' true true false 19 Double 0 0 ,First,#,C:\OPCD_GIS\Basic_Data\NOPD_NEWREPORTDISTS\REPORT_DISTS_2015\REPORT_DISTS.shp,Shape_Leng,-1,-1;Shape_Area 'Shape_Area' true true false 19 Double 0 0 ,First,#,C:\OPCD_GIS\Basic_Data\NOPD_NEWREPORTDISTS\REPORT_DISTS_2015\REPORT_DISTS.shp,Shape_Area,-1,-1;CITY 'CITY' true true false 4 Text 0 0 ,First,#,C:\OPCD_GIS\Basic_Data\NOPD_NEWREPORTDISTS\REPORT_DISTS_2015\REPORT_DISTS.shp,CITY,-1,-1" # C:\OPCD_GIS\Geodatabase\OPCD_File_Geodatabase.gdb\Polygons\REPORT_DISTS_2015</Process></lineage><itemProps><itemName Sync="TRUE">Subzones_2017</itemName><imsContentType Sync="TRUE">002</imsContentType><itemLocation><linkage Sync="TRUE">file://\\NOPD-9863D\C$\GIS\Data\Boundaries.gdb</linkage><protocol Sync="TRUE">Local Area Network</protocol></itemLocation><itemSize Sync="TRUE">0.000</itemSize></itemProps><coordRef><type Sync="TRUE">Projected</type><geogcsn Sync="TRUE">GCS_North_American_1983</geogcsn><projcsn Sync="TRUE">NAD_1983_StatePlane_Louisiana_South_FIPS_1702_Feet</projcsn><peXml Sync="TRUE">&lt;ProjectedCoordinateSystem xsi:type='typens:ProjectedCoordinateSystem' xmlns:xsi='http://www.w3.org/2001/XMLSchema-instance' xmlns:xs='http://www.w3.org/2001/XMLSchema' xmlns:typens='http://www.esri.com/schemas/ArcGIS/10.3'&gt;&lt;WKT&gt;PROJCS[&amp;quot;NAD_1983_StatePlane_Louisiana_South_FIPS_1702_Feet&amp;quot;,GEOGCS[&amp;quot;GCS_North_American_1983&amp;quot;,DATUM[&amp;quot;D_North_American_1983&amp;quot;,SPHEROID[&amp;quot;GRS_1980&amp;quot;,6378137.0,298.257222101]],PRIMEM[&amp;quot;Greenwich&amp;quot;,0.0],UNIT[&amp;quot;Degree&amp;quot;,0.0174532925199433]],PROJECTION[&amp;quot;Lambert_Conformal_Conic&amp;quot;],PARAMETER[&amp;quot;False_Easting&amp;quot;,3280833.333333333],PARAMETER[&amp;quot;False_Northing&amp;quot;,0.0],PARAMETER[&amp;quot;Central_Meridian&amp;quot;,-91.33333333333333],PARAMETER[&amp;quot;Standard_Parallel_1&amp;quot;,29.3],PARAMETER[&amp;quot;Standard_Parallel_2&amp;quot;,30.7],PARAMETER[&amp;quot;Latitude_Of_Origin&amp;quot;,28.5],UNIT[&amp;quot;Foot_US&amp;quot;,0.3048006096012192],AUTHORITY[&amp;quot;EPSG&amp;quot;,3452]]&lt;/WKT&gt;&lt;XOrigin&gt;-124791100&lt;/XOrigin&gt;&lt;YOrigin&gt;-91255500&lt;/YOrigin&gt;&lt;XYScale&gt;35164605.734280571&lt;/XYScale&gt;&lt;ZOrigin&gt;-100000&lt;/ZOrigin&gt;&lt;ZScale&gt;10000&lt;/ZScale&gt;&lt;MOrigin&gt;-100000&lt;/MOrigin&gt;&lt;MScale&gt;10000&lt;/MScale&gt;&lt;XYTolerance&gt;0.0032808333333333331&lt;/XYTolerance&gt;&lt;ZTolerance&gt;0.001&lt;/ZTolerance&gt;&lt;MTolerance&gt;0.001&lt;/MTolerance&gt;&lt;HighPrecision&gt;true&lt;/HighPrecision&gt;&lt;WKID&gt;102682&lt;/WKID&gt;&lt;LatestWKID&gt;3452&lt;/LatestWKID&gt;&lt;/ProjectedCoordinateSystem&gt;</peXml><csUnits Sync="TRUE">Linear Unit: Foot_US (0.304801)</csUnits></coordRef></DataProperties><SyncDate>20170111</SyncDate><SyncTime>15164200</SyncTime><ModDate>20170111</ModDate><ModTime>15164200</ModTime><ArcGISFormat>1.0</ArcGISFormat><ArcGISstyle>FGDC CSDGM Metadata</ArcGISstyle></Esri><idinfo><citation><citeinfo><onlink Sync="TRUE">\\GIS_MSTR\C$\OPCD_GIS\Geodatabase\OPCD_File_Geodatabase.gdb</onlink><title Sync="TRUE">REPORT_DISTS_2015</title><ftname Sync="TRUE">REPORT_DISTS_2015</ftname><geoform Sync="TRUE">vector digital data</geoform></citeinfo></citation><native Sync="TRUE">Microsoft Windows XP Version 5.1 (Build 2600) Service Pack 3; ESRI ArcCatalog 9.3.1.3000</native><descript><langdata Sync="TRUE">en</langdata></descript><natvform Sync="TRUE">File Geodatabase Feature Class</natvform></idinfo><distInfo><distributor><distorTran><onLineSrc><linkage Sync="TRUE">file://\\GIS_MSTR\C$\OPCD_GIS\Geodatabase\OPCD_File_Geodatabase.gdb</linkage><protocol Sync="TRUE">Local Area Network</protocol><orDesc Sync="TRUE">002</orDesc></onLineSrc></distorTran><distorFormat><formatName Sync="TRUE">File Geodatabase Feature Class</formatName></distorFormat></distributor><distFormat><formatName Sync="TRUE">Shapefile</formatName></distFormat><distTranOps><transSize Sync="TRUE">0.000</transSize></distTranOps></distInfo><dataqual><lineage><procstep><procdesc Sync="TRUE">Dataset copied.</procdesc><srcused Sync="TRUE">\\PD-ITD-GIS\C$\GIS\Data\BaseLayers2010.mdb</srcused><date Sync="TRUE">20100923</date><time Sync="TRUE">11111600</time></procstep><procstep><procdesc Sync="TRUE">Dataset copied.</procdesc><srcused Sync="TRUE">\\PD-ITD-GIS\C$\GIS\Data\WorkingFour.mdb</srcused><date Sync="TRUE">20101019</date><time Sync="TRUE">09513300</time></procstep><procstep><procdesc Sync="TRUE">Dataset copied.</procdesc><srcused Sync="TRUE"></srcused><procdate Sync="TRUE">20141222</procdate><proctime Sync="TRUE">09121200</proctime></procstep></lineage></dataqual><dataIdInfo><envirDesc Sync="TRUE">Microsoft Windows 7 Version 6.1 (Build 7601) Service Pack 1; Esri ArcGIS 10.3.0.4322</envirDesc><dataLang><languageCode value="eng" country="USA"></languageCode><countryCode value="USA" Sync="TRUE"></countryCode></dataLang><idCitation><resTitle Sync="TRUE">Subzones_2017</resTitle><presForm><PresFormCd value="005"></PresFormCd></presForm></idCitation><descKeys><thesaName uuidref="723f6998-058e-11dc-8314-0800200c9a66"></thesaName><keyword Sync="TRUE">002</keyword></descKeys><spatRpType><SpatRepTypCd value="001"></SpatRepTypCd></spatRpType></dataIdInfo><mdLang><languageCode value="eng"></languageCode><countryCode value="USA" Sync="TRUE"></countryCode></mdLang><mdHrLv><ScopeCd value="005"></ScopeCd></mdHrLv><mdHrLvName Sync="TRUE">dataset</mdHrLvName><refSysInfo><RefSystem><refSysID><identCode code="3452"></identCode><idCodeSpace Sync="TRUE">EPSG</idCodeSpace><idVersion Sync="TRUE">8.2.6</idVersion></refSysID></RefSystem></refSysInfo><spdoinfo><direct Sync="TRUE">Vector</direct><ptvctinf><esriterm Name="Subzones_2017"><efeatyp Sync="TRUE">Simple</efeatyp><efeageom code="4" Sync="TRUE"></efeageom><esritopo Sync="TRUE">FALSE</esritopo><efeacnt Sync="TRUE">0</efeacnt><spindex Sync="TRUE">FALSE</spindex><linrefer Sync="TRUE">FALSE</linrefer></esriterm></ptvctinf></spdoinfo><spatRepInfo><VectSpatRep><geometObjs Name="Subzones_2017"><geoObjTyp><GeoObjTypCd value="002" Sync="TRUE"></GeoObjTypCd></geoObjTyp><geoObjCnt Sync="TRUE">0</geoObjCnt></geometObjs><topLvl><TopoLevCd value="001" Sync="TRUE"></TopoLevCd></topLvl></VectSpatRep></spatRepInfo><eainfo><detailed Name="Subzones_2017"><enttyp><enttypl Sync="TRUE">Subzones_2017</enttypl><enttypt Sync="TRUE">Feature Class</enttypt><enttypc Sync="TRUE">0</enttypc></enttyp><attr><attrlabl Sync="TRUE">FID</attrlabl><attalias Sync="TRUE">FID</attalias><attrtype Sync="TRUE">OID</attrtype><attwidth Sync="TRUE">4</attwidth><atprecis Sync="TRUE">0</atprecis><attscale Sync="TRUE">0</attscale><attrdef Sync="TRUE">Internal feature number.</attrdef><attrdefs Sync="TRUE">Esri</attrdefs><attrdomv><udom Sync="TRUE">Sequential unique whole numbers that are automatically generated.</udom></attrdomv></attr><attr><attrlabl Sync="TRUE">Shape</attrlabl><attalias Sync="TRUE">Shape</attalias><attrtype Sync="TRUE">Geometry</attrtype><attwidth Sync="TRUE">0</attwidth><atprecis Sync="TRUE">0</atprecis><attscale Sync="TRUE">0</attscale><attrdef Sync="TRUE">Feature geometry.</attrdef><attrdefs Sync="TRUE">ESRI</attrdefs><attrdomv><udom Sync="TRUE">Coordinates defining the features.</udom></attrdomv></attr><attr><attrlabl Sync="TRUE">OBJECTID_1</attrlabl><attalias Sync="TRUE">OBJECTID_1</attalias><attrtype Sync="TRUE">Integer</attrtype><attwidth Sync="TRUE">10</attwidth><atprecis Sync="TRUE">10</atprecis><attscale Sync="TRUE">0</attscale></attr><attr><attrlabl Sync="TRUE">OBJECTID</attrlabl><attalias Sync="TRUE">OBJECTID</attalias><attrtype Sync="TRUE">Integer</attrtype><attwidth Sync="TRUE">10</attwidth><atprecis Sync="TRUE">10</atprecis><attscale Sync="TRUE">0</attscale><attrdef Sync="TRUE">Internal feature number.</attrdef><attrdefs Sync="TRUE">ESRI</attrdefs><attrdomv><udom Sync="TRUE">Sequential unique whole numbers that are automatically generated.</udom></attrdomv></attr><attr><attrlabl Sync="TRUE">OBJECTID_2</attrlabl><attalias Sync="TRUE">OBJECTID_2</attalias><attrtype Sync="TRUE">Integer</attrtype><attwidth Sync="TRUE">10</attwidth><atprecis Sync="TRUE">10</atprecis><attscale Sync="TRUE">0</attscale></attr><attr><attrlabl Sync="TRUE">Subzone</attrlabl><attalias Sync="TRUE">Subzone</attalias><attrtype Sync="TRUE">String</attrtype><attwidth Sync="TRUE">8</attwidth><atprecis Sync="TRUE">0</atprecis><attscale Sync="TRUE">0</attscale></attr><attr><attrlabl Sync="TRUE">District</attrlabl><attalias Sync="TRUE">District</attalias><attrtype Sync="TRUE">String</attrtype><attwidth Sync="TRUE">10</attwidth><atprecis Sync="TRUE">0</atprecis><attscale Sync="TRUE">0</attscale></attr><attr><attrlabl Sync="TRUE">AGENCY</attrlabl><attalias Sync="TRUE">AGENCY</attalias><attrtype Sync="TRUE">String</attrtype><attwidth Sync="TRUE">2</attwidth><atprecis Sync="TRUE">0</atprecis><attscale Sync="TRUE">0</attscale></attr><attr><attrlabl Sync="TRUE">ACTION_</attrlabl><attalias Sync="TRUE">ACTION_</attalias><attrtype Sync="TRUE">String</attrtype><attwidth Sync="TRUE">1</attwidth><atprecis Sync="TRUE">0</atprecis><attscale Sync="TRUE">0</attscale></attr><attr><attrlabl Sync="TRUE">MESSAGE</attrlabl><attalias Sync="TRUE">MESSAGE</attalias><attrtype Sync="TRUE">Double</attrtype><attwidth Sync="TRUE">19</attwidth><atprecis Sync="TRUE">0</atprecis><attscale Sync="TRUE">0</attscale></attr><attr><attrlabl Sync="TRUE">RESPONSE</attrlabl><attalias Sync="TRUE">RESPONSE</attalias><attrtype Sync="TRUE">String</attrtype><attwidth Sync="TRUE">6</attwidth><atprecis Sync="TRUE">0</atprecis><attscale Sync="TRUE">0</attscale></attr><attr><attrlabl Sync="TRUE">EDITOR</attrlabl><attalias Sync="TRUE">EDITOR</attalias><attrtype Sync="TRUE">String</attrtype><attwidth Sync="TRUE">20</attwidth><atprecis Sync="TRUE">0</atprecis><attscale Sync="TRUE">0</attscale></attr><attr><attrlabl Sync="TRUE">NAME</attrlabl><attalias Sync="TRUE">NAME</attalias><attrtype Sync="TRUE">String</attrtype><attwidth Sync="TRUE">4</attwidth><atprecis Sync="TRUE">0</atprecis><attscale Sync="TRUE">0</attscale></attr><attr><attrlabl Sync="TRUE">Name2</attrlabl><attalias Sync="TRUE">Name2</attalias><attrtype Sync="TRUE">String</attrtype><attwidth Sync="TRUE">3</attwidth><atprecis Sync="TRUE">0</atprecis><attscale Sync="TRUE">0</attscale></attr><attr><attrlabl Sync="TRUE">Sector</attrlabl><attalias Sync="TRUE">Sector</attalias><attrtype Sync="TRUE">String</attrtype><attwidth Sync="TRUE">6</attwidth><atprecis Sync="TRUE">0</atprecis><attscale Sync="TRUE">0</attscale></attr><attr><attrlabl Sync="TRUE">Sector2</attrlabl><attalias Sync="TRUE">Sector2</attalias><attrtype Sync="TRUE">String</attrtype><attwidth Sync="TRUE">6</attwidth><atprecis Sync="TRUE">0</atprecis><attscale Sync="TRUE">0</attscale></attr><attr><attrlabl Sync="TRUE">Zone</attrlabl><attalias Sync="TRUE">Zone</attalias><attrtype Sync="TRUE">String</attrtype><attwidth Sync="TRUE">2</attwidth><atprecis Sync="TRUE">0</atprecis><attscale Sync="TRUE">0</attscale></attr><attr><attrlabl Sync="TRUE">Shape_Leng</attrlabl><attalias Sync="TRUE">Shape_Leng</attalias><attrtype Sync="TRUE">Double</attrtype><attwidth Sync="TRUE">19</attwidth><atprecis Sync="TRUE">0</atprecis><attscale Sync="TRUE">0</attscale></attr><attr><attrlabl Sync="TRUE">CITY</attrlabl><attalias Sync="TRUE">CITY</attalias><attrtype Sync="TRUE">String</attrtype><attwidth Sync="TRUE">4</attwidth><atprecis Sync="TRUE">0</atprecis><attscale Sync="TRUE">0</attscale></attr><attr><attrlabl Sync="TRUE">Shape_Le_1</attrlabl><attalias Sync="TRUE">Shape_Le_1</attalias><attrtype Sync="TRUE">Double</attrtype><attwidth Sync="TRUE">19</attwidth><atprecis Sync="TRUE">0</atprecis><attscale Sync="TRUE">0</attscale></attr><attr><attrlabl Sync="TRUE">Shape_Le_2</attrlabl><attalias Sync="TRUE">Shape_Le_2</attalias><attrtype Sync="TRUE">Double</attrtype><attwidth Sync="TRUE">19</attwidth><atprecis Sync="TRUE">0</atprecis><attscale Sync="TRUE">0</attscale></attr><attr><attrlabl Sync="TRUE">Shape_Area</attrlabl><attalias Sync="TRUE">Shape_Area</attalias><attrtype Sync="TRUE">Double</attrtype><attwidth Sync="TRUE">19</attwidth><atprecis Sync="TRUE">0</atprecis><attscale Sync="TRUE">0</attscale><attrdef Sync="TRUE">Area of feature in internal units squared.</attrdef><attrdefs Sync="TRUE">ESRI</attrdefs><attrdomv><udom Sync="TRUE">Positive real numbers that are automatically generated.</udom></attrdomv></attr></detailed></eainfo><mdDateSt Sync="TRUE">20170111</mdDateSt><metainfo><langmeta Sync="TRUE">en</langmeta><metstdn Sync="TRUE">FGDC Content Standards for Digital Geospatial Metadata</metstdn><metstdv Sync="TRUE">FGDC-STD-001-1998</metstdv><mettc Sync="TRUE">local time</mettc><metd Sync="TRUE">20141222</metd></metainfo><mdStanName Sync="TRUE">ISO 19115 Geographic Information - Metadata</mdStanName><mdStanVer Sync="TRUE">DIS_ESRI1.0</mdStanVer><mdChar><CharSetCd Sync="TRUE" value="004"></CharSetCd></mdChar><distinfo><resdesc Sync="TRUE">Downloadable Data</resdesc></distinfo><spref><horizsys><cordsysn><geogcsn Sync="TRUE">GCS_North_American_1983</geogcsn><projcsn Sync="TRUE">NAD_1983_StatePlane_Louisiana_South_FIPS_1702_Feet</projcsn></cordsysn><planar><planci><plance Sync="TRUE">coordinate pair</plance><plandu Sync="TRUE">survey feet</plandu><coordrep><absres Sync="TRUE">0.000625</absres><ordres Sync="TRUE">0.000625</ordres></coordrep></planci></planar><geodetic><horizdn Sync="TRUE">North American Datum of 1983</horizdn><ellips Sync="TRUE">Geodetic Reference System 80</ellips><semiaxis Sync="TRUE">6378137.000000</semiaxis><denflat Sync="TRUE">298.257222</denflat></geodetic></horizsys><vertdef><altsys><altenc Sync="TRUE">Explicit elevation coordinate included with horizontal coordinates</altenc><altres Sync="TRUE">0.000003</altres></altsys></vertdef></spref></metadata>
